{
	"format_version": "1.8.0",
	"animations": {
		"func.wither": {
			"animation_length": 2,
			"bones": {
				"leg0": {
					"rotation": {
						"0.0": {
							"vector": [0, 0, 0]
						},
						"0.125": {
							"vector": [13.44777, -24.68375, -2.95531]
						},
						"0.25": {
							"vector": [0, -25, 0]
						}
					}
				},
				"head": {
					"rotation": {
						"0.0": {
							"vector": [0, 0, 0]
						},
						"0.5": {
							"vector": [179.71461, 31.01034, -173.75]
						},
						"0.75": {
							"vector": [144.672, 21.19309, -136.54615]
						},
						"1.0": {
							"vector": [25.70394, 42.64274, -6.87141]
						},
						"1.1667": {
							"vector": [3.92214, 51.23743, -2.22941]
						},
						"1.375": {
							"vector": [4.87935, 37.0565, 0.82626]
						},
						"1.5417": {
							"vector": [3.91192, 38.50406, 5.29367]
						},
						"2.0": {
							"vector": [6.78971, 4.47926, 11.26286]
						}
					}
				},
				"leg5": {
					"rotation": {
						"0.0": {
							"vector": [0, 0, 0]
						},
						"0.25": {
							"vector": [48.47329, -3.2134, -27.78094]
						},
						"0.5": {
							"vector": [2.15979, -12.23994, -7.432]
						}
					}
				},
				"jaw0": {
					"rotation": {
						"0.0": {
							"vector": [0, 0, 0]
						},
						"0.5": {
							"vector": [-2.9552, 54.20417, -3.42873]
						},
						"1.0": {
							"vector": [5.75163, -15.47036, -25.99232]
						},
						"1.375": {
							"vector": [4.53533, 3.79562, -20.46286]
						},
						"1.5833": {
							"vector": [5.75163, -15.47036, -25.99232]
						}
					}
				},
				"jaw1": {
					"rotation": {
						"0.0": {
							"vector": [0, 0, 0]
						},
						"0.5": {
							"vector": [-4.34159, -51.35751, -2.35049]
						},
						"1.0": {
							"vector": [-14.05653, 17.64593, -19.81407]
						},
						"1.375": {
							"vector": [-11.79139, -3.03163, -10.61218]
						},
						"1.5833": {
							"vector": [-12.59708, 8.50007, -15.51091]
						}
					}
				}
			},
			"sound_effects": {
				"0.4583": {
					"effect": "freesound_communitycrackandcrunch14891.mp3"
				}
			}
		},
		"misc.idle": {
			"loop": true,
			"animation_length": 1,
			"bones": {
				"leg0": {
					"rotation": {
						"0.0": {
							"vector": [0, 0, 0]
						},
						"0.5": {
							"vector": [7.5, 0, 0]
						},
						"1.0": {
							"vector": [0, 0, 0]
						}
					}
				},
				"head": {
					"rotation": {
						"0.0": {
							"vector": [0, 0, 0]
						},
						"0.5": {
							"vector": [0, 0, -10]
						},
						"1.0": {
							"vector": [0, 0, 2.5]
						}
					},
					"position": {
						"0.0": {
							"vector": [0, 0, 0]
						},
						"0.5": {
							"vector": [0, 0, 0]
						},
						"1.0": {
							"vector": [0, 0, 0]
						}
					}
				},
				"leg2": {
					"rotation": {
						"0.0": {
							"vector": [0, 0, 0]
						},
						"0.5": {
							"vector": [10, 0, 0]
						},
						"1.0": {
							"vector": [0, 0, 0]
						}
					}
				},
				"leg4": {
					"rotation": {
						"0.0": {
							"vector": [-17.74548, -2.78006, -3.66761]
						},
						"0.5": {
							"vector": [-25.24548, -2.78006, -3.66761]
						},
						"1.0": {
							"vector": [-17.74548, -2.78006, -3.66761]
						}
					}
				},
				"leg1": {
					"rotation": {
						"0.0": {
							"vector": [0, 0, 0]
						},
						"0.5": {
							"vector": [10, 0, 0]
						},
						"1.0": {
							"vector": [0, 0, 0]
						}
					}
				},
				"leg3": {
					"rotation": {
						"0.0": {
							"vector": [0, 0, 0]
						},
						"0.5": {
							"vector": [15, 0, 0]
						},
						"1.0": {
							"vector": [-2.5, 0, 0]
						}
					}
				},
				"leg5": {
					"rotation": {
						"0.0": {
							"vector": [0, 0, 0]
						},
						"0.5": {
							"vector": [7.5, 17.5, 0]
						},
						"1.0": {
							"vector": [0, 0, 0]
						}
					},
					"position": {
						"0.0": {
							"vector": [0, 0, 0]
						},
						"0.5": {
							"vector": [-1, 0, -1]
						},
						"1.0": {
							"vector": [0, 0, 0]
						}
					}
				},
				"body": {
					"rotation": {
						"vector": [0, 0, 0]
					},
					"position": {
						"0.0": {
							"vector": [0, 0, 0]
						},
						"0.5": {
							"vector": [0, -1, 0]
						},
						"1.0": {
							"vector": [0, 0, 0]
						}
					}
				},
				"jaw0": {
					"rotation": {
						"0.0": {
							"vector": [0, 0, 0]
						},
						"0.5": {
							"vector": [0, -20, 0]
						},
						"1.0": {
							"vector": [0, 0, 0]
						}
					}
				},
				"jaw1": {
					"rotation": {
						"0.0": {
							"vector": [0, 0, 0]
						},
						"0.5": {
							"vector": [0, 20, 0]
						},
						"1.0": {
							"vector": [0, 0, 0]
						}
					}
				}
			}
		},
		"move.walk": {
			"loop": true,
			"animation_length": 0.875,
			"bones": {
				"leg0": {
					"rotation": {
						"0.0": {
							"vector": [0, 0, 0]
						},
						"0.0833": {
							"vector": [180, 5, -157.5]
						},
						"0.125": {
							"vector": [161.93906, 17.16004, -164.67163]
						}
					}
				},
				"head": {
					"rotation": {
						"0.0": {
							"vector": [0, 0, 0]
						},
						"0.25": {
							"vector": [15, 0, 0]
						},
						"0.5833": {
							"vector": [-177.86213, 7.53472, 169.33284]
						},
						"0.8333": {
							"vector": [0, 0, 0]
						}
					},
					"position": {
						"0.0": {
							"vector": [0, 0, 0]
						},
						"0.8333": {
							"vector": [0, 0, -1]
						}
					}
				},
				"leg2": {
					"rotation": {
						"0.2083": {
							"vector": [0, 0, 0]
						},
						"0.2917": {
							"vector": [16.02258, -10.30173, -1.2656]
						},
						"0.375": {
							"vector": [1.02258, -10.30173, -1.2656]
						}
					}
				},
				"leg4": {
					"rotation": {
						"0.5417": {
							"vector": [0, 0, 0]
						},
						"0.625": {
							"vector": [-4.66415, -23.24142, 21.09956]
						},
						"0.6667": {
							"vector": [-15.18976, -33.89338, 1.45345]
						}
					}
				},
				"leg1": {
					"rotation": {
						"0.6667": {
							"vector": [0, 0, 0]
						},
						"0.75": {
							"vector": [165.98985, -3.0554, 133.57779]
						},
						"0.8333": {
							"vector": [173.77499, -16.02235, 179.84361]
						}
					}
				},
				"leg3": {
					"rotation": {
						"0.375": {
							"vector": [0, 0, 0]
						},
						"0.4583": {
							"vector": [17.5, 0, 0]
						},
						"0.5": {
							"vector": [179.0671, -68.16843, 157.8334]
						},
						"0.5417": {
							"vector": [185.57083, -77.47932, 180.18913]
						}
					}
				},
				"leg5": {
					"rotation": {
						"0.0": {
							"vector": [0, 0, 0]
						},
						"0.125": {
							"vector": [24.04, -4.80772, -1.67585]
						},
						"0.2083": {
							"vector": [5.94163, -17.1271, -2.79477]
						}
					}
				},
				"body": {
					"position": {
						"0.0": {
							"vector": [0, 0, 0]
						},
						"0.8333": {
							"vector": [0, 0, -1]
						}
					}
				},
				"jaw0": {
					"rotation": {
						"0.0": {
							"vector": [0, 0, 0]
						},
						"0.4167": {
							"vector": [0, -12.5, 0]
						},
						"0.875": {
							"vector": [0, 0, 0]
						}
					}
				},
				"jaw1": {
					"rotation": {
						"0.0": {
							"vector": [0, 0, 0]
						},
						"0.4167": {
							"vector": [0, 12.5, 0]
						},
						"0.875": {
							"vector": [0, 0, 0]
						}
					}
				}
			}
		}
	},
	"geckolib_format_version": 2
}